owner,repo,full_name,stargazers_count,subscribers_count,open_issues_count,forks_count,fork,html_url_repo,watchers_count,commit_id,commit_message,badge
jimbrig,.obsidian,jimbrig/.obsidian,1,1,0,0,FALSE,https://github.com/jimbrig/.obsidian,1,NA,NA,NA
jimbrig,actuarial,jimbrig/actuarial,0,1,0,0,FALSE,https://github.com/jimbrig/actuarial,0,204e7e9b7f4de7b7070a4ff148af09d5794afbb7,Add GitHub links to DESCRIPTION,[![](https://github.com/jimbrig/actuarial/workflows/Generate%20CHANGELOG.md/badge.svg)](https://github.com/jimbrig/actuarial/actions/runs/2271101030)
jimbrig,actuarialapp,jimbrig/actuarialapp,1,1,3,0,FALSE,https://github.com/jimbrig/actuarialapp,NA,13e6699f7531327286b4e0e06bac182c66736c09,Update README.md,[![](https://github.com/jimbrig/actuarialapp/workflows/R-CMD-check/badge.svg)](https://github.com/jimbrig/actuarialapp/actions/runs/2309208102) [![](https://github.com/jimbrig/actuarialapp/workflows/Generate%20CHANGELOG.md/badge.svg)](https://github.com/jimbrig/actuarialapp/actions/runs/2309208104) [![](https://github.com/jimbrig/actuarialapp/workflows/pkgdown/badge.svg)](https://github.com/jimbrig/actuarialapp/actions/runs/2309208103) [![](https://github.com/jimbrig/actuarialapp/workflows/test-coverage/badge.svg)](https://github.com/jimbrig/actuarialapp/actions/runs/2309208115)
jimbrig,actuarialapp,jimbrig/actuarialapp,1,1,3,0,FALSE,https://github.com/jimbrig/actuarialapp,NA,9f4a80d2a96f57d276b6d3e1e68ef15cacfeb73a,"Merge pull request #20 from jimbrig/develop

bug: fix codecov",[![](https://github.com/jimbrig/actuarialapp/workflows/test-coverage/badge.svg)](https://github.com/jimbrig/actuarialapp/actions/runs/2309014546)
jimbrig,addinslist,jimbrig/addinslist,1,2,0,0,FALSE,https://github.com/jimbrig/addinslist,1,NA,NA,NA
jimbrig,angular-example,jimbrig/angular-example,0,1,0,0,FALSE,https://github.com/jimbrig/angular-example,0,NA,NA,NA
jimbrig,arsenal,jimbrig/arsenal,1,0,0,0,FALSE,https://github.com/jimbrig/arsenal,1,NA,NA,NA
jimbrig,browsr,jimbrig/browsr,1,1,0,0,FALSE,https://github.com/jimbrig/browsr,1,NA,NA,NA
jimbrig,buildtools,jimbrig/buildtools,1,1,2,0,FALSE,https://github.com/jimbrig/buildtools,NA,d3856c2305b98cddf5e58f6802c6d5cbaf40aad5,"Merge pull request #6 from jimbrig/develop

SysReqs, PkgDeps, and Docker",[![](https://github.com/jimbrig/buildtools/workflows/test-coverage/badge.svg)](https://github.com/jimbrig/buildtools/actions/runs/2445939700)
jimbrig,choco-packages,jimbrig/choco-packages,0,1,0,0,FALSE,https://github.com/jimbrig/choco-packages,0,NA,NA,NA
jimbrig,claim-pm,jimbrig/claim-pm,0,0,0,0,FALSE,https://github.com/jimbrig/claim-pm,0,NA,NA,NA
jimbrig,claimPM,jimbrig/claimPM,1,1,0,0,FALSE,https://github.com/jimbrig/claimPM,1,67bba0479f1733537b2055b0c7df85c7b03000eb,Rename index.htm to index.html,[![](https://github.com/jimbrig/claimPM/workflows/Build%20Site/badge.svg)](https://github.com/jimbrig/claimPM/actions/runs/1309985309)
jimbrig,clip2mark,jimbrig/clip2mark,1,1,0,0,FALSE,https://github.com/jimbrig/clip2mark,1,63e5908d289bcda88f0edb25ee61ae18f4c82590,"Merge pull request #3 from jimbrig/dependabot/npm_and_yarn/api/minimist-1.2.6

Bump minimist from 1.2.5 to 1.2.6 in /api",[![](https://github.com/jimbrig/clip2mark/workflows/Node.js%20CI/badge.svg)](https://github.com/jimbrig/clip2mark/actions/runs/2080034696)
jimbrig,clip2mark,jimbrig/clip2mark,1,1,0,0,FALSE,https://github.com/jimbrig/clip2mark,1,f00866aa3cfbd15c9bdd3a1b2e5ee912eb8957bf,Update README.md,[![](https://github.com/jimbrig/clip2mark/workflows/Mark%20stale%20issues%20and%20pull%20requests/badge.svg)](https://github.com/jimbrig/clip2mark/actions/runs/1875854639)
jimbrig,clip2mark-site,jimbrig/clip2mark-site,0,1,0,0,FALSE,https://github.com/jimbrig/clip2mark-site,0,NA,NA,NA
jimbrig,codmw,jimbrig/codmw,5,1,10,0,FALSE,https://github.com/jimbrig/codmw,5,NA,NA,NA
jimbrig,configR,jimbrig/configR,1,1,0,0,FALSE,https://github.com/jimbrig/configR,NA,11ce2744475e6ff5a6a9e3ac027fdfd920370dba,Update README.md,[![](https://github.com/jimbrig/configR/workflows/R-CMD-check/badge.svg)](https://github.com/jimbrig/configR/actions/runs/2418199190) [![](https://github.com/jimbrig/configR/workflows/Generate%20CHANGELOG.md/badge.svg)](https://github.com/jimbrig/configR/actions/runs/2418199193) [![](https://github.com/jimbrig/configR/workflows/pkgdown/badge.svg)](https://github.com/jimbrig/configR/actions/runs/2418199198) [![](https://github.com/jimbrig/configR/workflows/test-coverage/badge.svg)](https://github.com/jimbrig/configR/actions/runs/2418199191)
jimbrig,configR,jimbrig/configR,1,1,0,0,FALSE,https://github.com/jimbrig/configR,NA,c4db4e8b3012137a9bb81e422fd2a87373b02b90,Merge remote-tracking branch 'origin/main' into main,[![](https://github.com/jimbrig/configR/workflows/Render%20codemeta/badge.svg)](https://github.com/jimbrig/configR/actions/runs/2418132257)
jimbrig,contribeautiful_data,jimbrig/contribeautiful_data,0,1,0,0,FALSE,https://github.com/jimbrig/contribeautiful_data,0,NA,NA,NA
jimbrig,Data-Science-Workflow-Template,jimbrig/Data-Science-Workflow-Template,0,1,0,0,FALSE,https://github.com/jimbrig/Data-Science-Workflow-Template,0,0b78d7de54f318093c3a859aadef6e1783249bcd,Create README.md,[![](https://github.com/jimbrig/Data-Science-Workflow-Template/workflows/.github/workflows/test.yml/badge.svg)](https://github.com/jimbrig/Data-Science-Workflow-Template/actions/runs/1339215240)
jimbrig,dbt_proj,jimbrig/dbt_proj,1,1,0,0,FALSE,https://github.com/jimbrig/dbt_proj,1,NA,NA,NA
jimbrig,Desktop-Wallpapers,jimbrig/Desktop-Wallpapers,1,1,0,0,FALSE,https://github.com/jimbrig/Desktop-Wallpapers,1,NA,NA,NA
jimbrig,dev-notes,jimbrig/dev-notes,0,1,0,0,FALSE,https://github.com/jimbrig/dev-notes,0,04110d3d827f4ebdc8bc6dd20d5380e14fc8b6a4,Merge branch 'main' of github.com:jimbrig/dev-notes,[![](https://github.com/jimbrig/dev-notes/workflows/Generate%20CHANGELOG.md/badge.svg)](https://github.com/jimbrig/dev-notes/actions/runs/1680060397) [![](https://github.com/jimbrig/dev-notes/workflows/Index%20Directories/badge.svg)](https://github.com/jimbrig/dev-notes/actions/runs/1680060396)
jimbrig,dev-portfolio,jimbrig/dev-portfolio,1,1,1,0,FALSE,https://github.com/jimbrig/dev-portfolio,1,NA,NA,NA
jimbrig,developerfolio,jimbrig/developerfolio,2,1,0,0,FALSE,https://github.com/jimbrig/developerfolio,2,NA,NA,NA
jimbrig,devpholio,jimbrig/devpholio,1,1,2,0,FALSE,https://github.com/jimbrig/devpholio,1,647b45f8e52f3f93bb737bdd1604b53afb4fb6ab,chore: autopublish 2022-04-06T01:11:53Z,[![](https://github.com/jimbrig/devpholio/workflows/Generate%20CHANGELOG.md/badge.svg)](https://github.com/jimbrig/devpholio/actions/runs/2099682387) [![](https://github.com/jimbrig/devpholio/workflows/Build%20and%20Deploy/badge.svg)](https://github.com/jimbrig/devpholio/actions/runs/2099682383)
jimbrig,dockerfiles,jimbrig/dockerfiles,1,1,0,0,FALSE,https://github.com/jimbrig/dockerfiles,1,NA,NA,NA
jimbrig,dolt-data-repo,jimbrig/dolt-data-repo,0,1,0,0,FALSE,https://github.com/jimbrig/dolt-data-repo,0,NA,NA,NA
jimbrig,dotfiles,jimbrig/dotfiles,1,1,3,0,FALSE,https://github.com/jimbrig/dotfiles,1,ae4741fb6a926813e9c8d1cad8159b39483c66fe,Merge branch 'develop' into main,[![](https://github.com/jimbrig/dotfiles/workflows/GitGuardian%20Scan/badge.svg)](https://github.com/jimbrig/dotfiles/actions/runs/1844587543)
jimbrig,dotfiles-work,jimbrig/dotfiles-work,1,1,6,0,FALSE,https://github.com/jimbrig/dotfiles-work,1,NA,NA,NA
jimbrig,dotfiles-wsl,jimbrig/dotfiles-wsl,1,1,0,0,FALSE,https://github.com/jimbrig/dotfiles-wsl,1,a954207dd82a281c45d9da957d9905052c5b5aa3,Update README.md,[![](https://github.com/jimbrig/dotfiles-wsl/workflows/Generate%20CHANGELOG.md/badge.svg)](https://github.com/jimbrig/dotfiles-wsl/actions/runs/1585994982)
jimbrig,EDA,jimbrig/EDA,2,1,0,1,FALSE,https://github.com/jimbrig/EDA,NA,e18fc54ca39742f4dbdd9fe84be0d91a6adb8d75,Merge branch 'master' of github.com:jimbrig2011/owEDA,[![](https://github.com/jimbrig/EDA/workflows/Render%20and%20Deploy%20RMarkdown%20Website/badge.svg)](https://github.com/jimbrig/EDA/actions/runs/24381945)
jimbrig,eleventy-example,jimbrig/eleventy-example,0,1,2,0,FALSE,https://github.com/jimbrig/eleventy-example,0,NA,NA,NA
jimbrig,Engineered-Knowledge,jimbrig/Engineered-Knowledge,5,2,0,1,FALSE,https://github.com/jimbrig/Engineered-Knowledge,5,9d1374a20e2801fb1c992326f395f022b2e68ad6,"vault backup: 2021-10-26 21:58:21

Affected files:
.obsidian/plugins/obsidian-readwise/data.json
.obsidian/plugins/recent-files-obsidian/data.json
.obsidian/workspace
4-Logs/Changelog.md",[![](https://github.com/jimbrig/Engineered-Knowledge/workflows/Publish%20Vault/badge.svg)](https://github.com/jimbrig/Engineered-Knowledge/actions/runs/1388265448)
jimbrig,espanso,jimbrig/espanso,3,1,0,0,FALSE,https://github.com/jimbrig/espanso,3,cb29b2e6efaff627f57c95f44a07fe0cbb29138c,"Revert ""idk""

This reverts commit 966fdc1fe881f4b119f20dba58602c1b8e858632.",[![](https://github.com/jimbrig/espanso/workflows/Generate%20CHANGELOG.md/badge.svg)](https://github.com/jimbrig/espanso/actions/runs/2372586403)
jimbrig,excel-config,jimbrig/excel-config,1,1,0,0,FALSE,https://github.com/jimbrig/excel-config,1,NA,NA,NA
jimbrig,flask-sandbox,jimbrig/flask-sandbox,0,1,0,0,FALSE,https://github.com/jimbrig/flask-sandbox,0,NA,NA,NA
jimbrig,flask-sandbox-app,jimbrig/flask-sandbox-app,0,2,0,0,FALSE,https://github.com/jimbrig/flask-sandbox-app,0,NA,NA,NA
jimbrig,gatsby-example,jimbrig/gatsby-example,0,1,0,0,FALSE,https://github.com/jimbrig/gatsby-example,0,NA,NA,NA
jimbrig,Generic-Project-Template,jimbrig/Generic-Project-Template,0,1,0,0,FALSE,https://github.com/jimbrig/Generic-Project-Template,0,NA,NA,NA
jimbrig,git-training,jimbrig/git-training,6,2,0,1,FALSE,https://github.com/jimbrig/git-training,6,NA,NA,NA
jimbrig,github-issue-table,jimbrig/github-issue-table,2,1,2,1,FALSE,https://github.com/jimbrig/github-issue-table,2,aa4148002f579fac205d6d6c6f287f95b53d32a6,Merge branch 'develop',[![](https://github.com/jimbrig/github-issue-table/workflows/Jekyll%20site%20CI/badge.svg)](https://github.com/jimbrig/github-issue-table/actions/runs/1675520648) [![](https://github.com/jimbrig/github-issue-table/workflows/Render%20Rmarkdown/badge.svg)](https://github.com/jimbrig/github-issue-table/actions/runs/1675519137)
jimbrig,hexo-example,jimbrig/hexo-example,0,1,2,0,FALSE,https://github.com/jimbrig/hexo-example,0,NA,NA,NA
jimbrig,ios-shortcuts,jimbrig/ios-shortcuts,0,1,0,0,FALSE,https://github.com/jimbrig/ios-shortcuts,0,NA,NA,NA
jimbrig,jimbrig,jimbrig/jimbrig,6,0,0,3,FALSE,https://github.com/jimbrig/jimbrig,6,53cd78b32ee8c5b9dc74fc82fa54f60fdc28052e,Todoist updated.,[![](https://github.com/jimbrig/jimbrig/workflows/Update%20GitHub%20Profile/badge.svg)](https://github.com/jimbrig/jimbrig/actions/runs/2471449699)
jimbrig,jimbrig,jimbrig/jimbrig,6,0,0,3,FALSE,https://github.com/jimbrig/jimbrig,6,9662bf43e8055a4f889e9004014f42413f33eb36,Create all-actions.yml,[![](https://github.com/jimbrig/jimbrig/workflows/Metrics/badge.svg)](https://github.com/jimbrig/jimbrig/actions/runs/1106712920) [![](https://github.com/jimbrig/jimbrig/workflows/Profile%20Stack/badge.svg)](https://github.com/jimbrig/jimbrig/actions/runs/1106712925) [![](https://github.com/jimbrig/jimbrig/workflows/Profile%20README%20Activity/badge.svg)](https://github.com/jimbrig/jimbrig/actions/runs/1106712922)
jimbrig,jimbrig,jimbrig/jimbrig,6,0,0,3,FALSE,https://github.com/jimbrig/jimbrig,6,9925ae3e7196a05e76d83060c6755b1fd6a0e093,Update github-metrics.svg - [Skip GitHub Action],[![](https://github.com/jimbrig/jimbrig/workflows/Generate%20Stats%20Images/badge.svg)](https://github.com/jimbrig/jimbrig/actions/runs/2465138752)
jimbrig,jimbrig,jimbrig/jimbrig,6,0,0,3,FALSE,https://github.com/jimbrig/jimbrig,6,b45271cdf5134f10b32256d3d63644e367d488ef,Todoist updated.,[![](https://github.com/jimbrig/jimbrig/workflows/Todoist%20Readme/badge.svg)](https://github.com/jimbrig/jimbrig/actions/runs/2471785658)
jimbrig,jimbrig,jimbrig/jimbrig,6,0,0,3,FALSE,https://github.com/jimbrig/jimbrig,6,b7c5eaa3d62bff184774d426b87f18eba37f1cb9,Update README.md,[![](https://github.com/jimbrig/jimbrig/workflows/Metrics/badge.svg)](https://github.com/jimbrig/jimbrig/actions/runs/1246757156)
jimbrig,jimbrig.github.io,jimbrig/jimbrig.github.io,0,1,0,0,FALSE,https://github.com/jimbrig/jimbrig.github.io,0,0790e8c4fe6e69ff0b24f285742bed2cd85651fc,adjust config and init pages/posts,[![](https://github.com/jimbrig/jimbrig.github.io/workflows/Pages/badge.svg)](https://github.com/jimbrig/jimbrig.github.io/actions/runs/242002790)
jimbrig,jimbrigapi,jimbrig/jimbrigapi,0,1,0,0,FALSE,https://github.com/jimbrig/jimbrigapi,0,NA,NA,NA
jimbrig,jimsaddins,jimbrig/jimsaddins,1,1,0,0,FALSE,https://github.com/jimbrig/jimsaddins,1,f0f48e928ca22f8e3af1b25458a001081d7b89e3,init,[![](https://github.com/jimbrig/jimsaddins/workflows/Generate%20CHANGELOG.md/badge.svg)](https://github.com/jimbrig/jimsaddins/actions/runs/1758687612)
jimbrig,jimsbucket,jimbrig/jimsbucket,0,1,0,0,FALSE,https://github.com/jimbrig/jimsbucket,0,831c3491db0ba5600554bbbc31bd04db761d699f,config: use scoop not shovel,[![](https://github.com/jimbrig/jimsbucket/workflows/Excavator/badge.svg)](https://github.com/jimbrig/jimsbucket/actions/runs/1647292712)
jimbrig,jimsdocs,jimbrig/jimsdocs,1,1,0,0,FALSE,https://github.com/jimbrig/jimsdocs,1,abcdb476cddc44f1f0cf0c620573c59bd620f521,cleanup,[![](https://github.com/jimbrig/jimsdocs/workflows/create-distill/badge.svg)](https://github.com/jimbrig/jimsdocs/actions/runs/1955080687) [![](https://github.com/jimbrig/jimsdocs/workflows/Render%20&%20Deploy%20Site/badge.svg)](https://github.com/jimbrig/jimsdocs/actions/runs/1955080684)
jimbrig,jimsdots,jimbrig/jimsdots,12,2,0,1,FALSE,https://github.com/jimbrig/jimsdots,12,4cfd2890885af3471f7ed1c62e56dab22a8c6b13,"Merge pull request #17 from jimbrig/develop

Registry and Edge",[![](https://github.com/jimbrig/jimsdots/workflows/Check%20for%20stale%20issues%20and%20PRs/badge.svg)](https://github.com/jimbrig/jimsdots/actions/runs/2465136278)
jimbrig,jimsessentials,jimbrig/jimsessentials,0,1,0,0,FALSE,https://github.com/jimbrig/jimsessentials,0,NA,NA,NA
jimbrig,jimsghstars,jimbrig/jimsghstars,36,2,2,4,FALSE,https://github.com/jimbrig/jimsghstars,NA,2b6f22e8b1dcfc8e96be513d1de5edcdc748c69a,Merge branch 'main' of github.com:jimbrig/jimsghstars,[![](https://github.com/jimbrig/jimsghstars/workflows/shiny-deploy/badge.svg)](https://github.com/jimbrig/jimsghstars/actions/runs/2459361270)
jimbrig,jimsghstars,jimbrig/jimsghstars,36,2,2,4,FALSE,https://github.com/jimbrig/jimsghstars,NA,d2859a42dcf947c9d0996eedb07672aa35cf47ec,chore: autopublish 2022-06-08T05:51:36Z,[![](https://github.com/jimbrig/jimsghstars/workflows/update%20stars/badge.svg)](https://github.com/jimbrig/jimsghstars/actions/runs/2465263315)
jimbrig,jimsnotes,jimbrig/jimsnotes,1,1,0,0,FALSE,https://github.com/jimbrig/jimsnotes,1,d5de354c263ea6055c30746855100a2dafca4d1e,Update README.md,[![](https://github.com/jimbrig/jimsnotes/workflows/Create%20markdown%20indexes/badge.svg)](https://github.com/jimbrig/jimsnotes/actions/runs/698785547) [![](https://github.com/jimbrig/jimsnotes/workflows/Markdown%20Linter/badge.svg)](https://github.com/jimbrig/jimsnotes/actions/runs/698785548)
jimbrig,jimsportfolio,jimbrig/jimsportfolio,0,1,5,0,FALSE,https://github.com/jimbrig/jimsportfolio,0,NA,NA,NA
jimbrig,jimsprojects,jimbrig/jimsprojects,0,1,0,0,FALSE,https://github.com/jimbrig/jimsprojects,0,a81cf2d40773ce3cdb95ba2ff46720fa4dc152d0,update,[![](https://github.com/jimbrig/jimsprojects/workflows/Render%20Status/badge.svg)](https://github.com/jimbrig/jimsprojects/actions/runs/2471808175)
jimbrig,jimstaskviews,jimbrig/jimstaskviews,1,1,0,0,FALSE,https://github.com/jimbrig/jimstaskviews,1,024e574f9628524a93d7b47e58c9a5319aab037d,Update CNAME,[![](https://github.com/jimbrig/jimstaskviews/workflows/Jekyll%20site%20CI/badge.svg)](https://github.com/jimbrig/jimstaskviews/actions/runs/658006053)
jimbrig,jimstemplates,jimbrig/jimstemplates,1,1,0,0,FALSE,https://github.com/jimbrig/jimstemplates,NA,NA,NA,NA
jimbrig,jimstools,jimbrig/jimstools,2,1,0,0,FALSE,https://github.com/jimbrig/jimstools,NA,a8669a99c9689150da3cfb5fc4ad0f96713fa446,rm flows,[![](https://github.com/jimbrig/jimstools/workflows/R-CMD-check/badge.svg)](https://github.com/jimbrig/jimstools/actions/runs/703605894) [![](https://github.com/jimbrig/jimstools/workflows/pkgdown/badge.svg)](https://github.com/jimbrig/jimstools/actions/runs/703605893) [![](https://github.com/jimbrig/jimstools/workflows/test-coverage/badge.svg)](https://github.com/jimbrig/jimstools/actions/runs/703605898)
jimbrig,KaaS,jimbrig/KaaS,11,2,0,2,FALSE,https://github.com/jimbrig/KaaS,11,dded3d0fb797cdf414afeeb15e86d2ca2cd2e33d,vault backup: 2022-06-09 18:33:34,[![](https://github.com/jimbrig/KaaS/workflows/Convert-Links/badge.svg)](https://github.com/jimbrig/KaaS/actions/runs/2471564709)
jimbrig,KaaS-Old,jimbrig/KaaS-Old,1,1,0,0,FALSE,https://github.com/jimbrig/KaaS-Old,1,394efac6ba4e891936e210d8407a3690873ff2e4,Update README.md,[![](https://github.com/jimbrig/KaaS-Old/workflows/Deploy%20with%20MkDocs/badge.svg)](https://github.com/jimbrig/KaaS-Old/actions/runs/1488619292)
jimbrig,kali-config,jimbrig/kali-config,2,1,1,0,FALSE,https://github.com/jimbrig/kali-config,2,NA,NA,NA
jimbrig,learn-flask,jimbrig/learn-flask,0,1,1,0,FALSE,https://github.com/jimbrig/learn-flask,0,NA,NA,NA
jimbrig,loss_development_app,jimbrig/loss_development_app,1,1,0,0,FALSE,https://github.com/jimbrig/loss_development_app,1,NA,NA,NA
jimbrig,lossdevelopment,jimbrig/lossdevelopment,0,1,0,0,FALSE,https://github.com/jimbrig/lossdevelopment,0,NA,NA,NA
jimbrig,lossdevt,jimbrig/lossdevt,1,1,1,0,FALSE,https://github.com/jimbrig/lossdevt,1,ccd1cdb4bb905b5854f34725b4c50d82b4823819,doc: update CHANGELOG.md,[![](https://github.com/jimbrig/lossdevt/workflows/pkgdown/badge.svg)](https://github.com/jimbrig/lossdevt/actions/runs/1465227946)
jimbrig,lossdevt-python,jimbrig/lossdevt-python,0,1,0,0,FALSE,https://github.com/jimbrig/lossdevt-python,0,NA,NA,NA
jimbrig,lossdevtapp,jimbrig/lossdevtapp,1,1,1,0,FALSE,https://github.com/jimbrig/lossdevtapp,NA,7fd4096a2d05fd7bc66b85c5cd4cf80a076da29f,feat: add pkgdown site per #14,[![](https://github.com/jimbrig/lossdevtapp/workflows/R-CMD-check/badge.svg)](https://github.com/jimbrig/lossdevtapp/actions/runs/2454669236) [![](https://github.com/jimbrig/lossdevtapp/workflows/Generate%20CHANGELOG.md/badge.svg)](https://github.com/jimbrig/lossdevtapp/actions/runs/2454669237) [![](https://github.com/jimbrig/lossdevtapp/workflows/pkgdown/badge.svg)](https://github.com/jimbrig/lossdevtapp/actions/runs/2454669239) [![](https://github.com/jimbrig/lossdevtapp/workflows/test-coverage/badge.svg)](https://github.com/jimbrig/lossdevtapp/actions/runs/2464287483)
jimbrig,lossrunAnalyzer,jimbrig/lossrunAnalyzer,2,0,0,0,FALSE,https://github.com/jimbrig/lossrunAnalyzer,2,NA,NA,NA
jimbrig,lossrx,jimbrig/lossrx,4,2,3,0,FALSE,https://github.com/jimbrig/lossrx,NA,07c4ca06eb186b7f83dc905b31dfd69d85e1c5f8,"Merge pull request #40 from jimbrig/develop

Unit Tests",[![](https://github.com/jimbrig/lossrx/workflows/Generate%20CHANGELOG.md/badge.svg)](https://github.com/jimbrig/lossrx/actions/runs/1845010022) [![](https://github.com/jimbrig/lossrx/workflows/R-CMD-check/badge.svg)](https://github.com/jimbrig/lossrx/actions/runs/1845010025) [![](https://github.com/jimbrig/lossrx/workflows/test-coverage/badge.svg)](https://github.com/jimbrig/lossrx/actions/runs/1845010026) [![](https://github.com/jimbrig/lossrx/workflows/pkgdown/badge.svg)](https://github.com/jimbrig/lossrx/actions/runs/1845010021)
jimbrig,lossrx,jimbrig/lossrx,4,2,3,0,FALSE,https://github.com/jimbrig/lossrx,NA,2053694c457a7d046771ebfa5fc36819915fd63a,dockerfiles,[![](https://github.com/jimbrig/lossrx/workflows/Run%20DocToc/badge.svg)](https://github.com/jimbrig/lossrx/actions/runs/2173325829) [![](https://github.com/jimbrig/lossrx/workflows/Linguist/badge.svg)](https://github.com/jimbrig/lossrx/actions/runs/2173325832)
jimbrig,lossrx,jimbrig/lossrx,4,2,3,0,FALSE,https://github.com/jimbrig/lossrx,NA,389b5a14ff55baab9a7f58dd956b4508e569d255,doc: re-build RAEDME,[![](https://github.com/jimbrig/lossrx/workflows/.github/workflows/test-coverage.yaml/badge.svg)](https://github.com/jimbrig/lossrx/actions/runs/1835441875)
jimbrig,lossrx,jimbrig/lossrx,4,2,3,0,FALSE,https://github.com/jimbrig/lossrx,NA,47371107480b14b47d8323a43b23f59e05abea03,Merge branch 'main' into develop,[![](https://github.com/jimbrig/lossrx/workflows/Sync%20labels/badge.svg)](https://github.com/jimbrig/lossrx/actions/runs/1680059114)
jimbrig,MLOps,jimbrig/MLOps,1,1,0,0,FALSE,https://github.com/jimbrig/MLOps,1,NA,NA,NA
jimbrig,nativeapp,jimbrig/nativeapp,1,1,0,0,FALSE,https://github.com/jimbrig/nativeapp,1,NA,NA,NA
jimbrig,nextjs-example,jimbrig/nextjs-example,0,1,0,0,FALSE,https://github.com/jimbrig/nextjs-example,0,NA,NA,NA
jimbrig,nextjs-portfolio-example,jimbrig/nextjs-portfolio-example,0,1,2,0,FALSE,https://github.com/jimbrig/nextjs-portfolio-example,0,NA,NA,NA
jimbrig,nuxtjs-example,jimbrig/nuxtjs-example,0,1,0,0,FALSE,https://github.com/jimbrig/nuxtjs-example,0,NA,NA,NA
jimbrig,obsidian,jimbrig/obsidian,2,1,0,0,FALSE,https://github.com/jimbrig/obsidian,2,06e52dc619ed6497667927d17080287efe5a82f8,"Merge pull request #1 from jimbrig/develop

Preliminary Setup of R Package",[![](https://github.com/jimbrig/obsidian/workflows/Generate%20CHANGELOG.md/badge.svg)](https://github.com/jimbrig/obsidian/actions/runs/2056007101)
jimbrig,obsidian_published,jimbrig/obsidian_published,4,1,0,0,FALSE,https://github.com/jimbrig/obsidian_published,4,0865fce060307cb6aadd041d88e29c864a62e8ef,published,[![](https://github.com/jimbrig/obsidian_published/workflows/Publish%20Vault/badge.svg)](https://github.com/jimbrig/obsidian_published/actions/runs/908351964)
jimbrig,obsidian_vault,jimbrig/obsidian_vault,9,1,0,0,FALSE,https://github.com/jimbrig/obsidian_vault,9,NA,NA,NA
jimbrig,pgres,jimbrig/pgres,0,1,0,0,FALSE,https://github.com/jimbrig/pgres,NA,e49453e1e14dde936e9abfd3bfbecde3b9dfafe7,config: add inst/configs,[![](https://github.com/jimbrig/pgres/workflows/Generate%20CHANGELOG.md/badge.svg)](https://github.com/jimbrig/pgres/actions/runs/1901796979) [![](https://github.com/jimbrig/pgres/workflows/pkgdown/badge.svg)](https://github.com/jimbrig/pgres/actions/runs/1901796988) [![](https://github.com/jimbrig/pgres/workflows/test-coverage/badge.svg)](https://github.com/jimbrig/pgres/actions/runs/1901796978)
jimbrig,pkgdev,jimbrig/pkgdev,1,1,0,0,FALSE,https://github.com/jimbrig/pkgdev,NA,a24e9fde7b266117d4592d6d1c34620ce810f27c,"Merge pull request #1 from jimbrig/develop

various new functions for development",[![](https://github.com/jimbrig/pkgdev/workflows/Generate%20CHANGELOG.md/badge.svg)](https://github.com/jimbrig/pkgdev/actions/runs/1827353869) [![](https://github.com/jimbrig/pkgdev/workflows/lint/badge.svg)](https://github.com/jimbrig/pkgdev/actions/runs/1827353872) [![](https://github.com/jimbrig/pkgdev/workflows/pkgdown/badge.svg)](https://github.com/jimbrig/pkgdev/actions/runs/1827353877) [![](https://github.com/jimbrig/pkgdev/workflows/test-coverage/badge.svg)](https://github.com/jimbrig/pkgdev/actions/runs/1827353870)
jimbrig,postgresql_rest_api,jimbrig/postgresql_rest_api,0,1,0,0,FALSE,https://github.com/jimbrig/postgresql_rest_api,0,NA,NA,NA
jimbrig,PowerShell,jimbrig/PowerShell,6,1,0,1,FALSE,https://github.com/jimbrig/PowerShell,6,2928f6504be1ec904e6c3e649e336ab834ea47e7,chore: autopublish 2022-05-13T02:46:03Z,[![](https://github.com/jimbrig/PowerShell/workflows/TOC%20Generator/badge.svg)](https://github.com/jimbrig/PowerShell/actions/runs/2317147707)
jimbrig,PowerShell,jimbrig/PowerShell,6,1,0,1,FALSE,https://github.com/jimbrig/PowerShell,6,50ea98b66f47c29400e5898e3945e09f0ecb4795,Merge branch 'release/release' into main,[![](https://github.com/jimbrig/PowerShell/workflows/Update%20Code%20Blocks/badge.svg)](https://github.com/jimbrig/PowerShell/actions/runs/2317144702) [![](https://github.com/jimbrig/PowerShell/workflows/Generate%20CHANGELOG.md/badge.svg)](https://github.com/jimbrig/PowerShell/actions/runs/2317144703)
jimbrig,PowerShell-Profiles-Work,jimbrig/PowerShell-Profiles-Work,2,1,0,0,FALSE,https://github.com/jimbrig/PowerShell-Profiles-Work,2,NA,NA,NA
jimbrig,profile_app,jimbrig/profile_app,0,1,0,0,FALSE,https://github.com/jimbrig/profile_app,0,NA,NA,NA
jimbrig,property_allocation_demo,jimbrig/property_allocation_demo,1,1,0,0,FALSE,https://github.com/jimbrig/property_allocation_demo,NA,93bc36fb718fda53eba1de10adfc26c54a8e0b91,Update handsontable_features.html,[![](https://github.com/jimbrig/property_allocation_demo/workflows/Build%20and%20Deploy/badge.svg)](https://github.com/jimbrig/property_allocation_demo/actions/runs/2270796423) [![](https://github.com/jimbrig/property_allocation_demo/workflows/pkgdown/badge.svg)](https://github.com/jimbrig/property_allocation_demo/actions/runs/2270796426)
jimbrig,prs-vault,jimbrig/prs-vault,0,1,0,0,FALSE,https://github.com/jimbrig/prs-vault,0,NA,NA,NA
jimbrig,PSUtils,jimbrig/PSUtils,0,1,0,0,FALSE,https://github.com/jimbrig/PSUtils,0,9ea01713d81a2c628d1896b5e1ebd04e77fb3f28,Update build.yml,[![](https://github.com/jimbrig/PSUtils/workflows/Build%20Module/badge.svg)](https://github.com/jimbrig/PSUtils/actions/runs/2278268696) [![](https://github.com/jimbrig/PSUtils/workflows/Generate%20CHANGELOG.md/badge.svg)](https://github.com/jimbrig/PSUtils/actions/runs/2278268695)
jimbrig,PSWindowsSetup-Old,jimbrig/PSWindowsSetup-Old,1,1,0,0,FALSE,https://github.com/jimbrig/PSWindowsSetup-Old,1,77bed91aa8cde2f2aa08d0fad102d82277542d06,update,[![](https://github.com/jimbrig/PSWindowsSetup-Old/workflows/CI/badge.svg)](https://github.com/jimbrig/PSWindowsSetup-Old/actions/runs/1207727811)
jimbrig,PSWinSetup,jimbrig/PSWinSetup,2,2,0,0,FALSE,https://github.com/jimbrig/PSWinSetup,2,d379e2ec111057e7b3008d5fa556f5c1e59a3187,feat: stash configs,[![](https://github.com/jimbrig/PSWinSetup/workflows/Build/badge.svg)](https://github.com/jimbrig/PSWinSetup/actions/runs/1647461136) [![](https://github.com/jimbrig/PSWinSetup/workflows/Generate%20CHANGELOG.md/badge.svg)](https://github.com/jimbrig/PSWinSetup/actions/runs/1647461133)
jimbrig,PSWinTools,jimbrig/PSWinTools,0,1,0,0,FALSE,https://github.com/jimbrig/PSWinTools,0,NA,NA,NA
jimbrig,R-DevContainer,jimbrig/R-DevContainer,0,1,0,0,FALSE,https://github.com/jimbrig/R-DevContainer,0,NA,NA,NA
jimbrig,R_dotfiles_sync,jimbrig/R_dotfiles_sync,0,1,0,0,FALSE,https://github.com/jimbrig/R_dotfiles_sync,0,NA,NA,NA
jimbrig,Ractions,jimbrig/Ractions,0,1,0,0,FALSE,https://github.com/jimbrig/Ractions,0,NA,NA,NA
jimbrig,rdevcontainer,jimbrig/rdevcontainer,1,1,0,0,FALSE,https://github.com/jimbrig/rdevcontainer,NA,4ec655085710dd61629355f4bc19bf0892320ab1,feat: remove c++ features,[![](https://github.com/jimbrig/rdevcontainer/workflows/Generate%20CHANGELOG.md/badge.svg)](https://github.com/jimbrig/rdevcontainer/actions/runs/2304297916)
jimbrig,Rdotfiles,jimbrig/Rdotfiles,0,1,0,0,FALSE,https://github.com/jimbrig/Rdotfiles,0,d6c7dffa4f8e8e4808a513f8b9d00fdacc1ed4af,doc: initialize ROADMAP.md,[![](https://github.com/jimbrig/Rdotfiles/workflows/R-CMD-check/badge.svg)](https://github.com/jimbrig/Rdotfiles/actions/runs/1505528872) [![](https://github.com/jimbrig/Rdotfiles/workflows/pkgdown/badge.svg)](https://github.com/jimbrig/Rdotfiles/actions/runs/1505528870)
jimbrig,reserver,jimbrig/reserver,1,1,0,0,FALSE,https://github.com/jimbrig/reserver,NA,NA,NA,NA
jimbrig,reserver-old,jimbrig/reserver-old,1,1,0,0,FALSE,https://github.com/jimbrig/reserver-old,1,3a211f38187f88243e4c78a7da69486b3d2dff29,"Merge pull request #7 from jimbrig/develop

Initialize Package and App",[![](https://github.com/jimbrig/reserver-old/workflows/R-CMD-check/badge.svg)](https://github.com/jimbrig/reserver-old/actions/runs/1361295452)
jimbrig,rezmod,jimbrig/rezmod,1,1,0,0,FALSE,https://github.com/jimbrig/rezmod,NA,81a50fb5ee36cd4ba64f055933cc08d7250afaeb,Merge remote-tracking branch 'origin/master',[![](https://github.com/jimbrig/rezmod/workflows/Build%20and%20deploy%20container%20app%20to%20Azure%20Web%20App%20-%20rezmod/badge.svg)](https://github.com/jimbrig/rezmod/actions/runs/2387336074)
jimbrig,rlambda,jimbrig/rlambda,2,1,0,0,FALSE,https://github.com/jimbrig/rlambda,2,NA,NA,NA
jimbrig,rprojmgmt,jimbrig/rprojmgmt,0,1,0,0,FALSE,https://github.com/jimbrig/rprojmgmt,0,NA,NA,NA
jimbrig,rsetup,jimbrig/rsetup,1,1,0,0,FALSE,https://github.com/jimbrig/rsetup,1,NA,NA,NA
jimbrig,rtraining,jimbrig/rtraining,3,3,0,0,FALSE,https://github.com/jimbrig/rtraining,3,NA,NA,NA
jimbrig,sanity-setup,jimbrig/sanity-setup,0,1,0,0,FALSE,https://github.com/jimbrig/sanity-setup,0,NA,NA,NA
jimbrig,Scripts,jimbrig/Scripts,2,1,0,0,FALSE,https://github.com/jimbrig/Scripts,2,NA,NA,NA
jimbrig,self-insurance-kpi-app,jimbrig/self-insurance-kpi-app,1,1,0,0,FALSE,https://github.com/jimbrig/self-insurance-kpi-app,NA,5729d7242b45aa4a9938dc83c0275a49ef43e0aa,Update docker.yml,[![](https://github.com/jimbrig/self-insurance-kpi-app/workflows/Build%20Docker%20Image/badge.svg)](https://github.com/jimbrig/self-insurance-kpi-app/actions/runs/1664187066) [![](https://github.com/jimbrig/self-insurance-kpi-app/workflows/Docker/badge.svg)](https://github.com/jimbrig/self-insurance-kpi-app/actions/runs/1664187065)
jimbrig,self-insurance-kpi-app,jimbrig/self-insurance-kpi-app,1,1,0,0,FALSE,https://github.com/jimbrig/self-insurance-kpi-app,NA,828645d3bcd293afb6d1045ffae354e761ce7517,Update main.yml,[![](https://github.com/jimbrig/self-insurance-kpi-app/workflows/Docker/badge.svg)](https://github.com/jimbrig/self-insurance-kpi-app/actions/runs/1664316951) [![](https://github.com/jimbrig/self-insurance-kpi-app/workflows/demo/badge.svg)](https://github.com/jimbrig/self-insurance-kpi-app/actions/runs/1664316949)
jimbrig,shiny-cloudrun-demo,jimbrig/shiny-cloudrun-demo,0,1,0,0,FALSE,https://github.com/jimbrig/shiny-cloudrun-demo,0,795a8eb4b1040e2cf7e5b94d4a94232ad4cab80b,Update README.md,[![](https://github.com/jimbrig/shiny-cloudrun-demo/workflows/Build%20and%20Deploy%20to%20Cloud%20Run/badge.svg)](https://github.com/jimbrig/shiny-cloudrun-demo/actions/runs/411759670)
jimbrig,shiny-IaaS,jimbrig/shiny-IaaS,1,1,0,0,FALSE,https://github.com/jimbrig/shiny-IaaS,1,NA,NA,NA
jimbrig,shiny_react_fluent_app,jimbrig/shiny_react_fluent_app,1,1,0,0,FALSE,https://github.com/jimbrig/shiny_react_fluent_app,1,NA,NA,NA
jimbrig,shinyapp-template,jimbrig/shinyapp-template,1,0,0,0,FALSE,https://github.com/jimbrig/shinyapp-template,1,NA,NA,NA
jimbrig,shinyPacker,jimbrig/shinyPacker,1,1,0,0,FALSE,https://github.com/jimbrig/shinyPacker,1,4a06b4be74357fff9e46d9c9f5a646d00886e0e3,"Merge pull request #1 from jimbrig/dependabot/npm_and_yarn/minimist-1.2.6

Bump minimist from 1.2.5 to 1.2.6",[![](https://github.com/jimbrig/shinyPacker/workflows/R-CMD-check/badge.svg)](https://github.com/jimbrig/shinyPacker/actions/runs/2080019459) [![](https://github.com/jimbrig/shinyPacker/workflows/test-coverage/badge.svg)](https://github.com/jimbrig/shinyPacker/actions/runs/2080019488)
jimbrig,shinyshowcase,jimbrig/shinyshowcase,0,1,0,0,FALSE,https://github.com/jimbrig/shinyshowcase,NA,NA,NA,NA
jimbrig,Slipbox,jimbrig/Slipbox,1,2,0,0,FALSE,https://github.com/jimbrig/Slipbox,1,5c1f6712bee92bc9998f8aae78bf60e09e62fc7a,Create index.md,[![](https://github.com/jimbrig/Slipbox/workflows/Publish%20Vault/badge.svg)](https://github.com/jimbrig/Slipbox/actions/runs/1285652085)
jimbrig,snippets,jimbrig/Snippets,1,1,0,0,FALSE,https://github.com/jimbrig/Snippets,NA,96b8a7e8fbeada194b941d3dcb73ca3dedf4a92a,Update document.yml,[![](https://github.com/jimbrig/Snippets/workflows/Generate%20Documentation/badge.svg)](https://github.com/jimbrig/Snippets/actions/runs/2431728116) [![](https://github.com/jimbrig/Snippets/workflows/Index%20Directories/badge.svg)](https://github.com/jimbrig/Snippets/actions/runs/2431728110) [![](https://github.com/jimbrig/Snippets/workflows/live-example/badge.svg)](https://github.com/jimbrig/Snippets/actions/runs/2431728109)
jimbrig,Snippets,jimbrig/Snippets,1,1,0,0,FALSE,https://github.com/jimbrig/Snippets,1,96b8a7e8fbeada194b941d3dcb73ca3dedf4a92a,Update document.yml,[![](https://github.com/jimbrig/Snippets/workflows/Generate%20Documentation/badge.svg)](https://github.com/jimbrig/Snippets/actions/runs/2431728116) [![](https://github.com/jimbrig/Snippets/workflows/Index%20Directories/badge.svg)](https://github.com/jimbrig/Snippets/actions/runs/2431728110) [![](https://github.com/jimbrig/Snippets/workflows/live-example/badge.svg)](https://github.com/jimbrig/Snippets/actions/runs/2431728109)
jimbrig,SQL-Server-Sandbox,jimbrig/SQL-Server-Sandbox,0,1,0,0,FALSE,https://github.com/jimbrig/SQL-Server-Sandbox,0,NA,NA,NA
jimbrig,stackedit,jimbrig/stackedit,0,1,0,0,FALSE,https://github.com/jimbrig/stackedit,0,NA,NA,NA
jimbrig,static-site-examples,jimbrig/static-site-examples,1,1,0,0,FALSE,https://github.com/jimbrig/static-site-examples,1,NA,NA,NA
jimbrig,templateeR,jimbrig/templateeR,2,1,1,0,FALSE,https://github.com/jimbrig/templateeR,NA,1b4ba2a054e57a5fdac006d223353962bdcad498,"Merge pull request #8 from jimbrig/develop

Bugfix: fix issues in `msg_` functions and `glue` import",[![](https://github.com/jimbrig/templateeR/workflows/R-CMD-check/badge.svg)](https://github.com/jimbrig/templateeR/actions/runs/1758729519) [![](https://github.com/jimbrig/templateeR/workflows/Generate%20CHANGELOG.md/badge.svg)](https://github.com/jimbrig/templateeR/actions/runs/1758729517)
jimbrig,terraform-aws,jimbrig/terraform-aws,0,1,0,0,FALSE,https://github.com/jimbrig/terraform-aws,0,NA,NA,NA
jimbrig,terraform-azure,jimbrig/terraform-azure,1,1,3,0,FALSE,https://github.com/jimbrig/terraform-azure,1,NA,NA,NA
jimbrig,terraform-examples,jimbrig/terraform-examples,0,1,0,1,FALSE,https://github.com/jimbrig/terraform-examples,0,NA,NA,NA
jimbrig,terramod,jimbrig/terramod,1,1,0,0,FALSE,https://github.com/jimbrig/terramod,1,NA,NA,NA
jimbrig,test-xl-git,jimbrig/test-xl-git,0,1,0,0,FALSE,https://github.com/jimbrig/test-xl-git,0,NA,NA,NA
jimbrig,therdispatch-blogdown,jimbrig/therdispatch-blogdown,1,1,3,0,FALSE,https://github.com/jimbrig/therdispatch-blogdown,1,NA,NA,NA
jimbrig,tools,jimbrig/tools,1,1,0,0,FALSE,https://github.com/jimbrig/tools,1,NA,NA,NA
jimbrig,universe,jimbrig/universe,1,1,0,0,FALSE,https://github.com/jimbrig/universe,1,NA,NA,NA
jimbrig,VBASuite,jimbrig/VBASuite,1,1,0,0,FALSE,https://github.com/jimbrig/VBASuite,1,NA,NA,NA
jimbrig,vue-example,jimbrig/vue-example,0,1,5,0,FALSE,https://github.com/jimbrig/vue-example,0,NA,NA,NA
jimbrig,website-nextjs,jimbrig/website-nextjs,0,1,0,0,FALSE,https://github.com/jimbrig/website-nextjs,0,NA,NA,NA
jimbrig,WindowsPowerShell,jimbrig/WindowsPowerShell,1,1,0,0,FALSE,https://github.com/jimbrig/WindowsPowerShell,1,NA,NA,NA
jimbrig,WindowsSetup,jimbrig/WindowsSetup,3,1,0,0,FALSE,https://github.com/jimbrig/WindowsSetup,3,NA,NA,NA
jimbrig,winreg,jimbrig/winreg,0,1,0,0,FALSE,https://github.com/jimbrig/winreg,0,NA,NA,NA
jimbrig,winsetup,jimbrig/winsetup,2,1,0,0,FALSE,https://github.com/jimbrig/winsetup,2,NA,NA,NA
jimbrig,working-memory-txt,jimbrig/working-memory-txt,1,1,0,0,FALSE,https://github.com/jimbrig/working-memory-txt,1,NA,NA,NA
jimbrig,wsl-dotfiles,jimbrig/wsl-dotfiles,1,1,0,0,FALSE,https://github.com/jimbrig/wsl-dotfiles,1,NA,NA,NA
jimbrig,wsl-history,jimbrig/wsl-history,1,1,0,0,FALSE,https://github.com/jimbrig/wsl-history,1,NA,NA,NA
jimbrig,wsldots,jimbrig/wsldots,1,1,0,0,FALSE,https://github.com/jimbrig/wsldots,1,99af4b3faf657806bb9222dbb8c8dfbd638c2a8a,feat: update brewfile with new installs,[![](https://github.com/jimbrig/wsldots/workflows/Generate%20CHANGELOG.md/badge.svg)](https://github.com/jimbrig/wsldots/actions/runs/2213554156)
jimbrig,wsldotz,jimbrig/wsldotz,1,1,0,0,FALSE,https://github.com/jimbrig/wsldotz,1,NA,NA,NA
jimbrig,XDG_CONFIG_HOME_R,jimbrig/XDG_CONFIG_HOME_R,1,1,0,0,FALSE,https://github.com/jimbrig/XDG_CONFIG_HOME_R,1,f451e37de6b3bf5da7fb4735a865e315f7fbeee2,Merge branch 'main' into develop,[![](https://github.com/jimbrig/XDG_CONFIG_HOME_R/workflows/Generate%20CHANGELOG.md/badge.svg)](https://github.com/jimbrig/XDG_CONFIG_HOME_R/actions/runs/2307048137)
jimbrig,xl-config,jimbrig/xl-config,1,1,0,0,FALSE,https://github.com/jimbrig/xl-config,1,NA,NA,NA
jimbrig,xl-macros,jimbrig/xl-macros,1,0,0,0,FALSE,https://github.com/jimbrig/xl-macros,1,NA,NA,NA
jimbrig,xlUtilities,jimbrig/xlUtilities,1,1,0,0,FALSE,https://github.com/jimbrig/xlUtilities,1,NA,NA,NA
jimbrig,zshrc,jimbrig/zshrc,0,1,0,0,FALSE,https://github.com/jimbrig/zshrc,0,NA,NA,NA
rinterface,shinydashboardPlus,RinteRface/shinydashboardPlus,388,17,33,67,FALSE,https://github.com/RinteRface/shinydashboardPlus,NA,c8c7b13046d408201ec87016e382fc7b0d8227d5,try to fix pkgdown,[![](https://github.com/RinteRface/shinydashboardPlus/workflows/R-CMD-check/badge.svg)](https://github.com/RinteRface/shinydashboardPlus/actions/runs/1687214178) [![](https://github.com/RinteRface/shinydashboardPlus/workflows/pkgdown/badge.svg)](https://github.com/RinteRface/shinydashboardPlus/actions/runs/1687214179)
